ID,Titre,Description,Actions
phishing,Procedure d'urgence : Phishing,L'URL analysee est identifiee comme une tentative de vol d'identifiants.,Ne cliquer sur aucun lien|Bloquer le domaine au niveau du pare-feu|Isoler la boite mail de l'expediteur|Forcer la reinitialisation des mots de passe
malware,Procedure d'urgence : Malware,Logiciel malveillant detecte ou suspecte via le domaine.,Isoler immediatement la machine du reseau|Lancer un scan antivirus complet|Conserver la machine pour analyse forensique
ransomware,Procedure d'urgence : Ransomware,Domaine associe a une compromission par rancongiciel.,Deconnecter la machine physiquement|Ne jamais payer la rancon|Alerter l'administrateur|Preparer les sauvegardes
ddos,Procedure d'urgence : Attaque DDoS,Surcharge du serveur ou du reseau rendant les services inaccessibles.,Contacter le fournisseur d'acces internet (FAI)|Activer les protections anti-DDoS (ex: Cloudflare)|Rediriger le trafic vers une page de maintenance|Analyser les logs pour bloquer les IP malveillantes
sql_injection,Procedure d'urgence : Injection SQL,Tentative d'extraction ou de modification de la base de donnees.,Mettre l'application web hors ligne immediatement|Verifier l'integrite de la base de donnees|Identifier et corriger la vulnerabilite|Forcer la reinitialisation des mots de passe administrateur
brute_force,Procedure d'urgence : Force Brute,Tentative de connexion par essais multiples de mots de passe.,Bloquer l'adresse IP source au niveau du pare-feu|Verifier les logs pour identifier les comptes compromis|Appliquer un verrouillage de compte temporaire|Imposer l'authentification a double facteur (2FA)
insider_threat,Procedure d'urgence : Fuite de Donnees,Exfiltration de donnees sensibles par un compte compromis ou un employe.,Revoquer immediatement les acces du compte suspect|Tracer les documents exfiltres via les journaux d'audit|Alerter la direction et le service juridique|Proteger les preuves numeriques
social_engineering,Procedure d'urgence : Ingenierie Sociale,Manipulation visant a obtenir des informations confidentielles.,Alerter le personnel de la tentative en cours|Verifier si des donnees ont ete divulguees|Changer les mots de passe des systemes exposes|Organiser une session de sensibilisation express
bec,Procedure d'urgence : Fraude au President (BEC),Usurpation d'identite d'un dirigeant pour valider un virement frauduleux.,Bloquer immediatement le virement aupres de la banque|Verifier les regles de transfert de la boite compromise|Changer les mots de passe de la messagerie|Deposer une plainte aupres des autorites
mitm,Procedure d'urgence : Man-in-the-Middle,Interception des communications entre l'utilisateur et le serveur.,Forcer l'utilisation exclusive du HTTPS|Invalider toutes les sessions en cours|Renouveler les certificats de securite compromis|Alerter les utilisateurs concernes
cryptojacking,Procedure d'urgence : Cryptojacking,Utilisation non autorisee des ressources pour miner de la cryptomonnaie.,Identifier et arreter le processus malveillant|Isoler la machine du reseau|Effectuer un scan antimalware approfondi|Mettre a jour le systeme et le navigateur web
zero_day,Procedure d'urgence : Faille Zero-Day,Exploitation d'une vulnerabilite logicielle inconnue et non corrigee.,Isoler les systemes affectes du reste du reseau|Appliquer des regles de pare-feu restrictives|Contacter l'editeur du logiciel affecte|Surveiller activement le trafic reseau pour bloquer l'exploitation